-- phpMyAdmin SQL Dump
-- version 5.2.1
-- https://www.phpmyadmin.net/
--
-- Хост: 127.0.0.1
-- Час створення: Чрв 19 2024 р., 15:19
-- Версія сервера: 10.4.32-MariaDB
-- Версія PHP: 8.2.12

SET SQL_MODE = "NO_AUTO_VALUE_ON_ZERO";
START TRANSACTION;
SET time_zone = "+00:00";


/*!40101 SET @OLD_CHARACTER_SET_CLIENT=@@CHARACTER_SET_CLIENT */;
/*!40101 SET @OLD_CHARACTER_SET_RESULTS=@@CHARACTER_SET_RESULTS */;
/*!40101 SET @OLD_COLLATION_CONNECTION=@@COLLATION_CONNECTION */;
/*!40101 SET NAMES utf8mb4 */;

--
-- База даних: `store.db`
--

-- --------------------------------------------------------

--
-- Структура таблиці `categories`
--

CREATE TABLE `categories` (
  `id` int(11) NOT NULL,
  `name` varchar(255) NOT NULL
) ENGINE=InnoDB DEFAULT CHARSET=utf8mb4 COLLATE=utf8mb4_general_ci;

--
-- Дамп даних таблиці `categories`
--

INSERT INTO `categories` (`id`, `name`) VALUES
(1, 'Smartphones'),
(2, 'Laptops'),
(3, 'Computers'),
(4, 'Tablets'),
(5, 'Televisions'),
(6, 'Columns');

-- --------------------------------------------------------

--
-- Структура таблиці `products`
--

CREATE TABLE `products` (
  `id` int(11) NOT NULL,
  `subcategory_id` int(11) DEFAULT NULL,
  `name` varchar(255) CHARACTER SET utf8 COLLATE utf8_unicode_ci NOT NULL,
  `price` decimal(10,2) NOT NULL,
  `discount` int(11) DEFAULT NULL,
  `image_url` varchar(255) CHARACTER SET armscii8 COLLATE armscii8_general_ci DEFAULT NULL,
  `description` text DEFAULT NULL
) ENGINE=InnoDB DEFAULT CHARSET=utf8mb4 COLLATE=utf8mb4_general_ci;

--
-- Дамп даних таблиці `products`
--

INSERT INTO `products` (`id`, `subcategory_id`, `name`, `price`, `discount`, `image_url`, `description`) VALUES
(37, 1, 'Apple iPhone 15 Pro', 999.99, 20, 'https://content2.rozetka.com.ua/goods/images/big/364834252.jpg', 'Color: Natural Titanium\r\n\r\nNumber of SIM cards: Dual: nano SIM + eSIM\r\n\r\nWeight: 206g\r\n\r\nDisplay: 6.1\" (2556x1179), Full HD, OLED\r\n\r\nNumber of pixels per inch (PPI): 461\r\n\r\nScreen refresh rate: 120Hz\r\n\r\nCommunication standard: 2G, 3G, 4G LTE, 5G\r\n\r\nWireless interfaces: Bluetooth, NFC, Wi-Fi\r\n\r\nProcessor: Apple A17 Bionic\r\n\r\nBuilt-in memory: 256GB\r\n\r\nRAM: 8GB\r\n\r\nBattery capacity: 3500 mAh'),
(38, 2, 'Samsung Galaxy S21', 799.99, 10, 'https://content1.rozetka.com.ua/goods/images/big/439736777.jpg', 'Color - Graphite Grade\r\n\r\nNumber of SIM cards - Dual: nano SIM\r\n\r\nWeight - 169g\r\n\r\nDisplay - 6.2\" (2400x1080), Full HD+, AMOLED\r\n\r\nNumber of pixels per inch (PPI) - 421\r\n\r\nScreen refresh rate - 120Hz\r\n\r\nCommunication standard - 2G, 3G, 4G LTE, 5G\r\n\r\nWireless interfaces - Bluetooth, NFC, Wi-Fi\r\n\r\nProcessor - Exynos 2100 / Qualcomm \r\nSnapdragon 888\r\n\r\nBuilt-in memory - 256GB\r\n\r\nRAM - 8GB\r\n\r\nBattery capacity - 4000 mA⋅h'),
(39, 3, 'Xiaomi Redmi Note 10', 299.99, 5, 'https://content.rozetka.com.ua/goods/images/big/331623633.jpg', 'Color:Onyx Gray\r\n\r\nNumber of SIM cards: Dual: nano SIM\r\n\r\nWeight: 178.8g\r\n\r\nDisplay: 6.43\" (2400x1080), Full HD+, AMOLED\r\n\r\nNumber of pixels per inch (PPI): 409\r\n\r\nScreen refresh rate: 60Hz\r\n\r\nCommunication standard: 2G, 3G, 4G LTE\r\n\r\nWireless interfaces: Bluetooth, NFC, Wi-Fi\r\n\r\nProcessor: Qualcomm Snapdragon 678\r\n\r\nBuilt-in memory: 128GB\r\n\r\nRAM: 4GB\r\n\r\nBattery capacity: 5000 mAh'),
(40, 4, 'Dell XPS 13', 1199.99, 5, 'https://content.rozetka.com.ua/goods/images/big/437114162.jpg', 'Processor: Intel Core i7-1250U\r\n\r\nRAM: 16GB\r\n\r\nMemory Type: LPDDR5\r\n\r\nMemory Frequency: 5200MHz\r\n\r\nScreen Resolution: 1920x1200\r\n\r\nScreen Refresh Rate: 60Hz\r\n\r\nVideo Card: Intel Iris Xe Graphics\r\n\r\nSSD: 1TB\r\n\r\nWeight: 1.27kg'),
(41, 5, 'HP Pavilion 15', 899.99, 0, 'https://content1.rozetka.com.ua/goods/images/big/375424609.jpg', 'Processor - AMD Ryzen 5 7535HS\r\n\r\nRAM - 8GB\r\n\r\nMemory type - DDR5\r\n\r\nMemory frequency - 4800MHz\r\n\r\nScreen resolution - 1920x1080\r\n\r\nScreen refresh rate - 144Hz\r\n\r\nVideo card - AMD Radeon RX 6550M\r\n\r\nSSD - 512GB\r\n\r\nWeight - 2.35kg'),
(44, 1, 'Apple iPhone 12 Black', 800.99, 10, 'https://content2.rozetka.com.ua/goods/images/big/30872894.jpg', 'Color: Black\r\n\r\nNumber of SIM cards: Dual: nano SIM + eSIM\r\n\r\nWeight: 164g\r\n\r\nDisplay: 6.1\" (2532x1170), Full HD, OLED\r\n\r\nNumber of pixels per inch (PPI): 460\r\n\r\nScreen refresh rate: 60Hz\r\n\r\nCommunication standard: 2G, 3G, 4G LTE, 5G\r\n\r\nWireless interfaces: Bluetooth, NFC, Wi-Fi\r\n\r\nProcessor: Apple A14 Bionic\r\n\r\nBuilt-in memory: 256GB\r\n\r\nRAM: 4GB\r\n\r\nBattery capacity: 2815 mA⋅h\r\n\r\n\r\n\r\n\r\n'),
(45, 1, 'Apple iPhone 11 White ', 520.00, 0, 'https://content2.rozetka.com.ua/goods/images/big/37399329.jpg', 'Color: White\r\n\r\nNumber of SIM cards: Dual: nano SIM + eSIM\r\n\r\nWeight: 194g\r\n\r\nDisplay: 6.1\" (1792x828), Liquid Retina \r\nHD, LCD\r\n\r\nNumber of pixels per inch (PPI): 326\r\n\r\nScreen refresh rate: 60Hz\r\n\r\nCommunication standard: 2G, 3G, 4G LTE\r\n\r\nWireless interfaces: Bluetooth, NFC, Wi-Fi\r\n\r\nProcessor: Apple A13 Bionic\r\n\r\nBuilt-in memory: 256GB\r\n\r\nRAM: 4GB\r\n\r\nBattery capacity: 3110 mA⋅h'),
(46, 1, 'Apple iPhone 13', 880.00, 10, 'https://content1.rozetka.com.ua/goods/images/big/221214139.jpg', 'Color - Midnight \r\n\r\nNumber of SIM cards - Dual: nano SIM + eSIM\r\n\r\nWeight - 173g\r\n\r\nDisplay - 6.1\" (2532x1170), Full HD, OLED\r\n\r\nNumber of pixels per inch (PPI) - 460\r\n\r\nScreen refresh rate - 60Hz\r\n\r\nCommunication standard - 2G, 3G, 4G LTE, 5G\r\n\r\nWireless interfaces - Bluetooth, NFC, Wi-Fi\r\n\r\nProcessor - Apple A15 Bionic\r\n\r\nBuilt-in memory - 256GB\r\n\r\nRAM - 4GB\r\n\r\nBattery capacity - 3240 mA⋅h'),
(50, 6, 'ARTLINE Gaming X47', 1000.00, 5, 'https://content.rozetka.com.ua/goods/images/big/320078659.jpg', 'Processor: AMD Ryzen 5 5500\r\n\r\nVideo card: NVIDIA GeForce RTX 3060 12GB\r\n\r\nMotherboard: AMD A320\r\n\r\nRAM: 16GB DDR4\r\n\r\nCooling: QB-OL1200\r\n\r\nSSD: 480GB SSD\r\n\r\nHDD: 1TB HDD\r\n\r\nPower supply: 600W'),
(51, 9, 'Samsung HG32EJ690FU', 400.00, 5, 'https://content1.rozetka.com.ua/goods/images/big/431203898.jpg', 'Diagonal: 32\"\r\n\r\nHD resolution: Full HD\r\n\r\nResolution: 1920x1080\r\n\r\nTV format: 16:9\r\n\r\nScreen technology: LED\r\n\r\nScreen refresh rate: 60Hz\r\n\r\nWireless interfaces: Bluetooth, Wi-Fi\r\n\r\nWeight: 5.4kg'),
(52, 7, ' Apple iPad Pro 13', 2000.00, 10, 'https://content1.rozetka.com.ua/goods/images/big/433552831.jpg', 'Color: Silver\r\n\r\nWeight: 600g\r\n\r\nDisplay: 13\" (2732x2048), IPS\r\n\r\nNumber of pixels per inch (PPI): 264\r\n\r\nScreen refresh rate: 120Hz\r\n\r\nCommunication standard: 3G, 4G\r\n\r\nWireless interfaces: Bluetooth, Wi-Fi\r\n\r\nProcessor: Apple M2 120 MHz\r\n\r\nBuilt-in memory: 128GB\r\n\r\nRAM: 8GB\r\n\r\nBattery capacity: 7538 mAh'),
(53, 11, 'JBL Pulse 5 Black', 250.00, 5, 'https://content2.rozetka.com.ua/goods/images/big/303417078.jpg', 'Number of channels: 1.0\r\n\r\nConnection: Wireless\r\n\r\nFrequency range: 110-20000 Hz\r\n\r\nSensitivity: 85 dB\r\n\r\nInterfaces: Bluetooth\r\n\r\nWeight: 0.209 kg'),
(54, 12, 'Sony SRS-XB100', 70.00, NULL, 'https://content2.rozetka.com.ua/goods/images/big/429116784.jpg', 'Power Output: Front channels - 20W\r\n\r\nSubwoofer Power: 30W\r\n\r\nMinimum Playable Frequency: 63Hz\r\n\r\nMaximum Reproducible Frequency: 20000Hz\r\n\r\nBattery Capacity: 4800mAh\r\n\r\nWireless Communication: Bluetooth, true\r\n\r\nWeight: 0.55kg'),
(55, 1, 'Apple iPhone 14 Pro', 1200.00, 15, 'https://avatars.mds.yandex.net/get-mpic/4448884/img_id6599794068360807117.jpeg/600x800', 'Color - Goods Deep Purple\r\n\r\nNumber of SIM cards - Dual: nano SIM + eSIM \r\n\r\nWeight - 206g\r\n\r\nDisplay - 6.1\" (2556x1179), Full HD, OLED\r\n\r\nNumber of pixels per inch (PPI) - 461   \r\n                                                                                              \r\nScreen refresh rate - 120Hz  \r\n                                                                                                \r\nCommunication standard - 2G, 3G, 4G LTE, 5G \r\n                                                                                                \r\nWireless interfaces - Bluetooth, NFC, Wi-Fi \r\n                                                                                                \r\nProcessor - Apple A16 Bionic              \r\n                                                                                                \r\nBuilt-in memory - 256GB  \r\n                                                                                                \r\nRAM - 6GB     \r\n                                                                                                \r\nBattery capacity - 3200 mA⋅h                                                                                               \r\n'),
(56, 1, 'Apple iPhone 15 128GB', 900.00, 0, 'https://avatars.mds.yandex.net/get-mpic/11778691/img_id1668632208685720845.jpeg/600x800', 'Color - Pink\r\n                                                                                                \r\nNumber of SIM cards - Dual nano SIM\r\n                                                                                                \r\nWeight - 171 g\r\n                                                                                                \r\nDisplay - 6.1\" (2556x1179), OLED\r\n                                                                                                \r\nNumber of pixels per inch (PPI) - 461   \r\n                                                                                                \r\nScreen refresh rate - 120Hz    \r\n                                                                                                \r\nCommunication standard - 2G, 3G, 4G LTE, 5G \r\n                                                                                                \r\nWireless interfaces - Bluetooth, NFC, Wi-Fi\r\n                                                                                                \r\nProcessor - Apple A16 Bionic               \r\n                                                                                                \r\nBuilt-in memory - 128GB                                                                                                   \r\n'),
(57, 1, 'Apple iPhone 14 128GB', 800.00, 5, 'https://avatars.mds.yandex.net/get-mpic/11378054/img_id6689877649507518536.jpeg/600x800', 'Color - blue\r\n                                                                                                \r\nNumber of SIM cards - Dual: nano SIM + eSIM \r\n                                                                                                \r\nWeight - 172g\r\n                                                                                                \r\nDisplay - 6.1\" (2532x1170), 4K UHD, OLED\r\n                                                                                                \r\nNumber of pixels per inch (PPI) - 457   \r\n                                                                                                \r\nScreen refresh rate - 60Hz    \r\n                                                                                                \r\nCommunication standard - 2G, 3G, 4G LTE, 5G \r\n                                                                                                \r\nWireless interfaces - Bluetooth, NFC, Wi-Fi\r\n                                                                                                \r\nProcessor - Apple A15 Bionic                \r\n                                                                                                \r\nBuilt-in memory - 128GB  \r\n                                                                                                \r\nRAM - 6GB     \r\n                                                                                                \r\nBattery capacity - 3279 mAh                                                                                              \r\n'),
(58, 2, 'Samsung Galaxy S24 Ultra', 1200.00, 20, 'https://content2.rozetka.com.ua/goods/images/big/398086154.jpg', 'Color - Titanium Yellow\r\n                                                                                                \r\nNumber of SIM cards - Dual: nano SIM + eSIM\r\n                                                                                                \r\nWeight - 232g\r\n                                                                                                \r\nDisplay - 6.8\", Dynamic AMOLED 2X \r\n                                                                                                \r\nScreen refresh rate - 120Hz    \r\n                                                                                                \r\nCommunication standard - 4G LTE, 5G\r\n                                                                                                \r\nWireless interfaces - Bluetooth, NFC, Wi-Fi\r\n                                                                                                \r\nProcessor - Qualcomm Snapdragon 8 Gen 3    \r\n                                                                                                \r\nBuilt-in memory - 256GB     \r\n                                                                                                \r\nRAM - 12GB\r\n'),
(59, 2, 'Samsung Galaxy S24', 1000.00, 30, 'https://content1.rozetka.com.ua/goods/images/big/398088450.jpg', 'Color - Cobalt Violet\r\n                                                                                                \r\nNumber of SIM cards - Dual nano SIM\r\n                                                                                                \r\nWeight - 168g\r\n                                                                                                \r\nDisplay - 6.2\" (2340×1080), Full HD, Dynamic AMOLED 2X\r\n                                                                                                \r\nNumber of pixels per inch (PPI) - 416 \r\n                                                                                                \r\nScreen refresh rate - 120Hz    \r\n                                                                                                \r\nCommunication standard - 4G LTE, 5G\r\n                                                                                                \r\nWireless interfaces - Bluetooth, NFC, Wi-Fi\r\n                                                                                                \r\nProcessor - Qualcomm Snapdragon 8 Gen 3   \r\n                                                                                                \r\nBuilt-in memory - 256GB\r\n                                                                                                \r\nRAM - 8GB       \r\n'),
(60, 2, 'Samsung Galaxy A15', 400.00, 0, 'https://avatars.mds.yandex.net/get-mpic/11401947/img_id9136763524528275110.png/600x800', 'Color - navy blue\r\n                                                                                                \r\nNumber of SIM cards - Dual nano SIM\r\n                                                                                                \r\nWeight - 200g\r\n                                                                                                \r\nDisplay - 6.5\" (2340×1080), Full HD, AMOLED\r\n                                                                                                \r\nNumber of pixels per inch (PPI) - 396 \r\n                                                                                                \r\nScreen refresh rate - 90Hz    \r\n                                                                                                \r\nCommunication standard - 2G, 3G, 4G LTE\r\n                                                                                                \r\nWireless interfaces - Bluetooth, NFC, Wi-Fi\r\n                                                                                                \r\nProcessor - MediaTek Helio G99    \r\n                                                                                                \r\nBuilt-in memory - 256GB   \r\n                                                                                                \r\nRAM - 8GB\r\n'),
(61, 2, 'Samsung Galaxy A55', 550.00, 5, 'https://avatars.mds.yandex.net/get-mpic/5245589/img_id1899854911038717449.jpeg/600x800', 'Color - navy\r\n                                                                                                \r\nNumber of SIM cards - Dual: nano SIM + eSIM\r\n                                                                                                \r\nWeight - 213g\r\n                                                                                                \r\nDisplay - 6.6\" (2340×1080), Full HD, AMOLED\r\n                                                                                                \r\nNumber of pixels per inch (PPI) - 390\r\n                                                                                                \r\nScreen refresh rate - 120Hz    \r\n                                                                                                \r\nCommunication standard - 2G, 3G, 4G LTE, 5G\r\n                                                                                                \r\nWireless interfaces - Bluetooth, NFC, Wi-Fi\r\n                                                                                                \r\nProcessor - Samsung Exynos 1480   \r\n                                                                                                \r\nBuilt-in memory - 128GB  \r\n                                                                                                \r\nRAM - 8GB                                 \r\n                                                                                                \r\nBattery capacity - 5000 mah                                                                                               \r\n'),
(62, 2, 'Samsung Galaxy A34', 390.00, 0, 'https://avatars.mds.yandex.net/get-mpic/8109518/img_id5979510904776398988.jpeg/600x800', 'Color - lime\r\n                                                                                                \r\nNumber of SIM cards - Dual nano SIM\r\n                                                                                                \r\nWeight - 199g\r\n                                                                                                \r\nDisplay - 6.6\" (2340×1080), 2K QHD, Super AMOLED\r\n                                                                                                \r\nNumber of pixels per inch (PPI) - 390\r\n                                                                                                \r\nScreen refresh rate - 120Hz    \r\n                                                                                                \r\nCommunication standard - 2G, 3G, 4G LTE, 5G\r\n                                                                                                \r\nWireless interfaces - Bluetooth, NFC, Wi-Fi\r\n                                                                                                \r\nProcessor - MediaTek Dimensity 1080\r\n                                                                                                \r\nBuilt-in memory - 128GB  \r\n                                                                                                \r\nRAM - 6GB                                \r\n                                                                                                \r\nBattery capacity - 5000 mah                                                                                          \r\n'),
(63, 2, 'Samsung Galaxy S23 Ultra', 1200.00, 10, 'https://avatars.mds.yandex.net/get-mpic/1603927/img_id1025471801642424771.png/600x800', 'Color - black phantom\r\n                                                                                                \r\nNumber of SIM cards - Dual: nano SIM + eSIM\r\n                                                                                                \r\nWeight - 234g\r\n                                                                                                \r\nDisplay - 6.8\" (3088x1440), 2K QHD, Dynamic AMOLED 2X\r\n                                                                                                \r\nNumber of pixels per inch (PPI) - 501\r\n                                                                                                \r\nScreen refresh rate - 120Hz    \r\n                                                                                                \r\nCommunication standard - 4G LTE, 5G\r\n                                                                                                \r\nWireless interfaces - Bluetooth, NFC, Wi-Fi\r\n                                                                                                \r\nProcessor - Qualcomm Snapdragon 8 Gen2\r\n                                                                                                \r\nBuilt-in memory - 512GB  \r\n                                                                                                \r\nRAM - 12GB                     \r\n                                                                                                \r\nBattery capacity - 5000 mah                                                                                         \r\n'),
(64, 7, 'Apple iPad Pro 11 M2 128GB', 1400.00, 0, 'https://avatars.mds.yandex.net/get-mpic/4937117/2a0000018eb50e2b1af16bc28aaec0502b73/600x800', 'Color - Silver\r\n                                                                                                \r\nWeight - 600g\r\n                                                                                                \r\nDisplay - 11\" (2388x1668), IPS\r\n                                                                                                \r\nNumber of pixels per inch (PPI) - 264\r\n                                                                                                \r\nScreen refresh rate - 120Hz    \r\n                                                                                                \r\nCommunication standard - 3G, 4g\r\n                                                                                                \r\nWireless interfaces - Bluetooth, Wi-Fi\r\n                                                                                                \r\nProcessor - Apple M2 120 Mhz\r\n                                                                                                \r\nBuilt-in memory - 128GB  \r\n                                                                                                \r\nRAM - 8GB                 \r\n                                                                                                \r\nBattery capacity - 7538 mah                                                                                        \r\n'),
(65, 7, 'Apple iPad Pro 11 (2020)', 1200.00, 5, 'https://avatars.mds.yandex.net/get-marketpic/6046687/pic1e473542aedef4ff333bed291962a40b/600x800', 'Color - gray space\r\n                                                                                                \r\nWeight - 471g\r\n                                                                                                \r\nDisplay - 11\" (2388x1668), IPS\r\n                                                                                                \r\nNumber of pixels per inch (PPI) - 265\r\n                                                                                                \r\nScreen refresh rate - 120Hz    \r\n                                                                                                \r\nWireless interfaces - Wi-Fi + Cellular, Bluetooth\r\n                                                                                                \r\nProcessor - Apple A12Z Bionic\r\n                                                                                                \r\nBuilt-in memory - 128GB  \r\n                                                                                                \r\nRAM - 6GB                           \r\n                                                                                                \r\nBattery capacity - 7812 mah                                                                                 \r\n'),
(66, 7, 'Apple iPad 10.2 (2021)', 500.00, 0, 'https://avatars.mds.yandex.net/get-mpic/6277643/img_id7979978594155296081.jpeg/600x800', 'Color - gray space\r\n                                                                                                \r\nWeight - 498g\r\n                                                                                                \r\nDisplay - 10.2\" (2160x1620), IPS\r\n                                                                                                \r\nNumber of pixels per inch (PPI) - 265\r\n                                                                                                \r\nScreen refresh rate - 120Hz    \r\n                                                                                                                \r\nWireless interfaces - Wi-Fi, Bluetooth\r\n                                                                                                \r\nProcessor - Apple A13 Bionic\r\n                                                                                                \r\nBuilt-in memory - 64GB  \r\n                                                                                                \r\nRAM - 3GB                                                                                                           \r\n'),
(67, 7, 'Apple iPad Air (2022 M1)', 750.00, 0, 'https://avatars.mds.yandex.net/get-mpic/4957996/img_id4732266347089977655.jpeg/600x800', 'Color - blue\r\n                                                                                                \r\nWeight - 461g\r\n                                                                                                \r\nDisplay - 10.9\" (2360x1640), IPS\r\n                                                                                                \r\nScreen refresh rate - 60Hz\r\n                                                                                                \r\nWireless interfaces - Wi-Fi, Bluetooth\r\n                                                                                                \r\nProcessor - Apple M1 2990 MHz\r\n                                                                                                \r\nBuilt-in memory - 64GB  \r\n                                                                                                \r\nRAM - 8GB                                                         \r\n'),
(68, 7, 'Apple iPad 10.2 (2021)', 400.00, 20, 'https://avatars.mds.yandex.net/get-mpic/6382710/img_id3390920459963259491.png/600x800', 'Color - silver\r\n                                                                                                \r\nWeight - 487g\r\n                                                                                                \r\nDisplay - 10.2\" (2160x1620), IPS\r\n                                                                                                \r\nNumber of pixels per inch (PPI) - 265                                                                                                \r\nWireless interfaces - Bluetooth, Wi-Fi\r\n                                                                                                \r\nProcessor - Apple A13 Bionic 1800 Mhz\r\n                                                                                                \r\nBuilt-in memory - 64GB       \r\n                                                                                                \r\nRAM -3GB\r\n'),
(69, 8, 'Samsung Galaxy Tab A9+', 400.00, 0, 'https://f00.esfr.pl/foto/4/138014930801/21471156b9fa23b0baf87a3eb317f182/samsung-tablet-galaxy-taba9-8-128gb-wifi-dk-blu,138014930801_3.jpg', 'Color - navy blue\r\n                                                                                                \r\nDisplay - 11\" (1920x1200), TFT\r\n                                                                                                \r\nNumber of pixels per inch (PPI) - 207\r\n                                                                                                \r\nScreen refresh rate - 120Hz    \r\n                                                                                                \r\nWireless interfaces - Bluetooth, Wi-Fi\r\n                                                                                                \r\nProcessor - Qualcomm Snapdragon 695\r\n                                                                                                \r\nBuilt-in memory - 128GB  \r\n                                                                                                \r\nRAM - 8GB                    \r\n                                                                                                \r\nBattery capacity -7040 mah\r\n'),
(70, 8, 'Samsung Galaxy Tab A9', 250.00, 0, 'https://avatars.mds.yandex.net/get-mpic/11487459/2a0000018bd1b8269ca45c55b34d2ca545fa/600x800', 'Color - Graphite\r\n                                                                                                \r\nWeight - 338g\r\n                                                                                                \r\nDisplay - 8.7\" (1340x800), TFT\r\n                                                                                                \r\nNumber of pixels per inch (PPI) - 179\r\n                                                                                                \r\nScreen refresh rate - 60Hz    \r\n                                                                                                \r\nWireless interfaces - Bluetooth, Wi-Fi\r\n                                                                                                \r\nProcessor - MediaTek Helio G99 2200 Mhz\r\n                                                                                                \r\nBuilt-in memory - 128GB  \r\n                                                                                                \r\nRAM - 8GB        \r\n                                                                                                \r\nBattery capacity - 5100 mah\r\n'),
(71, 8, 'Samsung Galaxy Tab S9 FE', 550.00, 0, 'https://irshad.az/cdn-cgi/image/width=540,height=550/storage/products/89010/planset-samsung-galaxy-tab-s9-fe-6gb128gb-5g-light-pink-x516-8.jpg', 'Color - pink\r\n                                                                                                \r\nNumber of SIM cards - 1 SIM\r\n                                                                                                \r\nWeight - 628g\r\n                                                                                                \r\nDisplay - 12.4\" (2560x1600), TFT\r\n                                                                                                \r\nNumber of pixels per inch (PPI) - 243\r\n                                                                                                \r\nScreen refresh rate - 90Hz    \r\n                                                                                                \r\nCommunication standard - 3G, 4 SIM, 4G LTE, 5G\r\n                                                                                                \r\nWireless interfaces - Bluetooth, Wi-Fi\r\n                                                                                                \r\nProcessor - Samsung Exynos 1380 2400 Mhz\r\n                                                                                                \r\nBuilt-in memory - 128GB  \r\n                                                                                                \r\nRAM - 8GB               \r\n                                                                                                \r\nBattery capacity - 10090 mah\r\n'),
(72, 8, 'Samsung Galaxy Tab S6 Lite  ', 550.00, 0, 'https://m.media-amazon.com/images/I/61QfSvAihfL._AC_UF894,1000_QL80_.jpg', 'Color - Mint\r\n                                                                                                \r\nNumber of SIM cards - 1 SIM\r\n                                                                                                \r\nWeight - 678g\r\n                                                                                                \r\nDisplay - 10.4\" (2000x1200)\r\n                                                                                                \r\nNumber of pixels per inch (PPI) - 224  \r\n                                                                                                \r\nCommunication standard - 3G, 4G LTE, 4g\r\n                                                                                                \r\nWireless interfaces - Bluetooth\r\n                                                                                                \r\nProcessor - Samsung Exynos 1280, 8-cors, 2.4 HHz\r\n                                                                                                \r\nBuilt-in memory - 128GB  \r\n                                                                                                \r\nRAM - 4GB            \r\n                                                                                                \r\nBattery capacity - 7040 mah\r\n'),
(73, 9, 'Samsung QE65Q80CAU', 2255.00, 38, 'https://avatars.mds.yandex.net/get-mpic/2008455/img_id8970470024379101336.jpeg/600x800', 'Diagonal - 65\"\r\n                                                                                                \r\nHD resolution - 4K UHD\r\n                                                                                                \r\nResolution - 3840x2160\r\n                                                                                              \r\nTV format - 16:9\r\n                                                                                                \r\nScreen technology - QLED\r\n                                                                                                \r\nScreen refresh rate - 120Hz\r\n                                                                                                \r\nWireless interfaces - Bluetooth, Wi-Fi\r\n                                                                                                \r\nWeight - 26.1kg                                                                                         \r\n'),
(74, 9, 'Samsung UE43J5272AU', 416.00, 0, 'https://avatars.mds.yandex.net/get-mpic/5274753/img_id1758258261437009420.png/600x800', 'Diagonal - 43\"\r\n                                                                                                \r\nHD resolution - Full HD\r\n                                                                                                \r\nResolution - 1920x1080\r\n                                                                                                \r\nTV format - 16:9\r\n                                                                                                \r\nScreen technology - HDR, LED\r\n                                                                                                \r\nScreen refresh rate - 50Hz\r\n                                                                                                \r\nWireless interfaces - Miracast, Wi-Fi\r\n                                                                                                \r\nWeight - 7.4kg\r\n'),
(75, 9, 'Samsung UE65CU800', 1225.00, 20, 'https://resources.cdn-kaspi.kz/img/m/p/h0e/hf6/84202949148702.png?format=preview-large', 'HD resolution - 4K UHD\r\n                                                                                                \r\nResolution - 3840x2160\r\n                                                                                                \r\nTV format - 16:9\r\n                                                                                                \r\nScreen technology - LED\r\n                                                                                                \r\nScreen refresh rate - 60Hz\r\n                                                                                                \r\nWireless interfaces - Bluetooth, Wi-Fi\r\n                                                                                                \r\nWeight - 21.4kg\r\n'),
(76, 9, 'Samsung UE43CU7100', 395.00, 0, 'https://content.rozetka.com.ua/goods/images/big/364929549.jpg', 'Diagonal - 43\"\r\n                                                                                                \r\nHD resolution - 4K UHD\r\n                                                                                                \r\nResolution - 3840x2160\r\n                                                                                                \r\nTV format - 16:9\r\n                                                                                                \r\nScreen technology - HDR, LED\r\n                                                                                                \r\nScreen refresh rate - 50Hz\r\n                                                                                                \r\nWireless interfaces - Bluetooth, Wi-Fi\r\n                                                                                                \r\nWeight - 7.9kg\r\n'),
(77, 9, 'Samsung UE85BU8000U', 1583.00, 10, 'https://avatars.mds.yandex.net/get-mpic/12621455/2a0000018fee683e42e830594f1d14cf8c67/600x800', 'Diagonal - 85\"\r\n                                                                                                \r\nHD resolution - 4K UHD\r\n                                                                                                \r\nResolution - 3840x2160\r\n                                                                                                \r\nTV format - 16:9\r\n                                                                                                \r\nScreen technology - Crystal UHD, HDR, LED, Direct LED\r\n                                                                                                \r\nScreen refresh rate - 50Hz\r\n                                                                                                \r\nWireless interfaces - Bluetooth, Wi-Fi\r\n                                                                                                \r\nWeight - 42.5kg\r\n'),
(78, 9, 'Samsung QE50Q67AAU', 635.00, 0, 'https://ocdn.eu/photo-offers-prod-transforms/1/63tk9k3b2ZmZXJzLzIzMTQyMzAyOTFfYzYyOWU5Y2M4OTExMmU2MDBkZDA1YzQyZDU4N2FmMTYud2VicJGTCaYxNWUwOGMG3gABoTAF/samsung-qled-qe50q67aauxxh.webp', 'Diagonal - 50\"\r\n                                                                                                \r\nHD resolution - 4K UHD\r\n                                                                                                \r\nResolution - 3840x2160\r\n                                                                                                \r\nTV format - 16:9\r\n                                                                                                \r\nScreen technology - HDR, LED, QLED, Quantum Dot, Dual LED\r\n                                                                                                \r\nScreen refresh rate - 60Hz\r\n                                                                                                \r\nWireless interfaces - Bluetooth, Wi-Fi\r\n                                                                                                \r\nWeight - 12.2kg\r\n'),
(79, 10, 'LG 50UR78001LJ', 500.00, 10, 'https://avatars.mds.yandex.net/get-mpic/4346078/img_id6915653411107041007.jpeg/600x800', 'Diagonal - 50\"\r\n                                                                                                \r\nHD resolution - 4K UHD\r\n                                                                                                \r\nResolution - 3840x2160\r\n                                                                                                \r\nTV format - 16:9\r\n                                                                                                \r\nScreen technology - HDR, LED\r\n                                                                                                \r\nScreen refresh rate - 60Hz\r\n                                                                                                \r\nWireless interfaces - Airplay, Bluetooth, Wi-Fi\r\n                                                                                                \r\nWeight - 11kg\r\n'),
(80, 10, 'LG 43LM5777PLC', 389.00, 5, 'https://avatars.mds.yandex.net/get-mpic/3913686/img_id5964882332449405464.jpeg/600x800', 'Diagonal - 43\"\r\n                                                                                                \r\nHD resolution - Full HD\r\n                                                                                                \r\nResolution - 1920x1080\r\n                                                                                                \r\nTV format - 16:9\r\n                                                                                                \r\nScreen technology - HDR, LED, QLED, HDR, LED, HDR, LED, QLED, hdr, led, qled\r\n                                                                                                \r\nScreen refresh rate - 60Hz\r\n                                                                                                \r\nWireless interfaces - Bluetooth, Miracast, Wi-Fi, WiDi, BluetoothWi-Fi, DLNA\r\n                                                                                                \r\nWeight - 8.1kg\r\n'),
(81, 10, 'LG 55UR81006LJ', 787.00, 10, 'https://content1.rozetka.com.ua/goods/images/big/351024821.jpg', 'Diagonal - 55\"\r\n                                                                                                \r\nHD resolution - 4K UHD\r\n                                                                                                \r\nResolution - 3840x2160\r\n                                                                                                \r\nTV format - 16:9\r\n                                                                                            \r\nScreen technology - HDR, LED, OLED\r\n                                                                                                \r\nScreen refresh rate - 60Hz\r\n                                                                                                \r\nWireless interfaces - Airplay, Bluetooth, Wi-Fi\r\n                                                                                                \r\nWeight - 21.2kg\r\n'),
(82, 11, 'JBL GO3 Eco Blue', 50.00, 5, 'https://avatars.mds.yandex.net/get-mpic/4905155/2a0000018c406281c87c21b68e3729ad38bf/600x800', 'Number of channels - 1.0\r\n                                                                                                \r\nConnection - wireless\r\n                                                                                                \r\nFrequency range - 110-20000 Hz\r\n                                                                                                \r\nSensitivity - 85 dB\r\n                                                                                                \r\nInterfaces - Bluetooth\r\n                                                                                                \r\nWeight - 0.209kg\r\n'),
(83, 11, 'Jbl Flip 6 black', 135.00, 5, 'https://content2.rozetka.com.ua/goods/images/big/238375513.jpg', 'Power of front channels - 20W\r\n                                                                                                \r\nSubwoofer power - 30W\r\n                                                                                                \r\nMinimum playable frequency - 63Hz\r\n                                                                                                \r\nMaximum reproducible frequency - 20000Hz\r\n                                                                                                \r\nBattery capacity - 4800mAh\r\n                                                                                                \r\nWireless communication - Bluetooth, true\r\n                                                                                                \r\nWeight - 0.55kg\r\n'),
(84, 11, 'JBL Charge 5 Red', 150.00, 10, 'https://prod-api.mediaexpert.pl/api/images/gallery_500_500/thumbnails/images/27/2782899/Glosnik-mobilny-JBL-Charge-5-Czerwony-skos1.jpg', 'Power of front channels - 40W\r\n                                                                                                \r\nMinimum playable frequency - 60Hz\r\n                                                                                                \r\nMaximum reproducible frequency - 20000Hz\r\n                                                                                                \r\nBattery capacity - 7500mAh\r\n                                                                                                \r\nWireless communication - Bluetooth, true\r\n                                                                                                \r\nWeight - 0.96kg\r\n'),
(85, 11, 'JBL Partybox 110', 808.00, 5, 'https://avatars.mds.yandex.net/get-mpic/12261762/2a0000018caf31cf16cadaaf5d673e0335a1/600x800', 'Power of front channels - 160W\r\n                                                                                                \r\nSubwoofer power - 160W\r\n                                                                                                \r\nMinimum playable frequency - 45Hz\r\n                                                                                                \r\nMaximum reproducible frequency - 20000Hz\r\n                                                                                                \r\nBattery capacity - 2500mAh\r\n                                                                                                \r\nWireless communication - Bluetooth\r\n                                                                                                \r\nWeight - 10.84kg\r\n'),
(86, 11, 'JBL Flip 5', 173.00, 5, 'https://avatars.mds.yandex.net/get-mpic/5246613/2a0000018dd0608703e6afe3cb28fd806103/600x800', 'Power of front channels - 20W\r\n                                                                                                \r\nMinimum playable frequency - 65Hz\r\n                                                                                                \r\nMaximum reproducible frequency - 20000Hz\r\n                                                                                                \r\nBattery capacity - 4800mAh\r\n                                                                                                \r\nWireless communication - Bluetooth\r\n                                                                                                \r\nWeight - 0.54kg\r\n'),
(88, 12, 'Sony SRS-XB23/BC', 135.00, 5, 'https://avatars.mds.yandex.net/get-marketpic/11457807/pic0346514d6424e041e21b794f59dd4e5b/600x800', 'Minimum playable frequency - 20Hz\r\n                                                                                                \r\nMaximum reproducible frequency - 20000Hz\r\n                                                                                                \r\nBattery capacity - 500mAh\r\n                                                                                                \r\nWireless communication - Bluetooth\r\n'),
(89, 12, 'Sony SRS-XE300', 150.00, 10, 'https://avatars.mds.yandex.net/get-mpic/12369201/2a0000018ff3179217fa7336c8e9eb80c0c0/600x800', 'Minimum playable frequency - 20Hz\r\n                                                                                                \r\nMaximum reproducible frequency - 20000Hz\r\n                                                                                                \r\nWireless communication - Bluetooth, true\r\n                                                                                                \r\nWeight - 1.3kg\r\n'),
(90, 12, 'Sony SRS-XG500B', 404.00, 10, 'https://avatars.mds.yandex.net/get-mpic/12418417/2a0000018d4b4dd9b5af49c271432f337252/600x800', 'Subwoofer power - 100W\r\n                                                                                                \r\nMinimum playable frequency - 20Hz\r\n                                                                                                \r\nMaximum reproducible frequency - 20000Hz\r\n                                                                                                \r\nWireless communication - Bluetooth\r\n                                                                                                \r\nWeight - 5.6kg\r\n'),
(91, 13, 'MSI Bravo 15', 947.00, 30, 'https://pisces.bbystatic.com/image2/BestBuy_US/images/products/6550/6550560_sd.jpg', 'Processor - AMD Ryzen 5 7535HS\r\n                                                                                                \r\nRAM - 8GB\r\n                                                                                                \r\nMemory type - DDR5\r\n                                                                                                \r\nMemory frequency - 4800MHz\r\n                                                                                                \r\nScreen resolution - 1920x1080\r\n                                                                                                \r\nScreen refresh rate - 144Hz\r\n                                                                                                \r\nVideo card - AMD Radeon RX 6550M\r\n                                                                                                \r\nSSD - 512GB\r\n                                                                                                \r\nWeight - 2.35kg\r\n');
INSERT INTO `products` (`id`, `subcategory_id`, `name`, `price`, `discount`, `image_url`, `description`) VALUES
(92, 14, 'Asus VivoBook E1504FA', 601.00, 5, 'https://avatars.mds.yandex.net/get-mpic/4367383/img_id5801251999917089478.jpeg/600x800', 'Processor - Ryzen 5 7520U\r\n                                                                                                \r\nRAM - 16GB\r\n                                                                                                \r\nMemory type - LPDDR5\r\n                                                                                                \r\nMemory frequency - 5500MHz\r\n                                                                                                \r\nScreen resolution - 1920x1080\r\n                                                                                                \r\nScreen refresh rate - 60Hz\r\n                                                                                                \r\nVideo card - AMD Radeon 610M\r\n                                                                                                \r\nSSD - 512GB\r\n                                                                                                \r\nWeight - 1.63kg\r\n'),
(93, 15, 'Xiaomi RedmiBook 16', 1109.00, 20, 'https://static.baza.farpost.ru/v/1614827415152_bulletin', 'Processor - Intel Core i5 13500H\r\n                                                                                                \r\nRAM - 16GB\r\n                                                                                                \r\nMemory type - LPDDR5\r\n                                                                                                \r\nMemory frequency - 6400MHz\r\n                                                                                                \r\nScreen resolution - 2560x1600\r\n                                                                                                \r\nScreen refresh rate - 120Hz\r\n                                                                                                \r\nVideo card - Intel Iris Xe Graphics\r\n                                                                                                \r\nSSD - 512GB\r\n                                                                                                \r\nWeight - 1.68kg\r\n'),
(94, 16, 'HUAWEI MateBook D 16', 809.00, 25, 'https://image.ceneostatic.pl/data/products/135247428/i-huawei-matebook-d-16-16-i7-16gb-512gb-win11.jpg', 'Processor - Intel Core i5 12450H\r\n                                                                                                \r\nRAM - 16GB\r\n                                                                                                \r\nMemory type - LPDDR4X\r\n                                                                                                \r\nScreen resolution - 1920x1200\r\n                                                                                                \r\nVideo card - Intel UHD Graphics\r\n                                                                                                \r\nSSD - 1TB\r\n                                                                                                \r\nWeight - 1.7kg\r\n'),
(95, 17, 'HONOR MagicBook X16', 924.00, 10, 'https://m.media-amazon.com/images/I/51VS8VXaoXL._AC_UF894,1000_QL80_.jpg', 'Processor - Intel Core i5 12450H\r\n                                                                                                \r\nRAM - 16GB\r\n                                                                                                \r\nMemory type - LPDDR4X\r\n                                                                                                \r\nMemory frequency - 4266MHz\r\n                                                                                                \r\nScreen resolution - 1920x1200\r\n                                                                                                \r\nScreen refresh rate - 60Hz\r\n                                                                                                \r\nVideo card - Intel UHD Graphics\r\n                                                                                                \r\nSSD - 512GB\r\n                                                                                                \r\nWeight - 1.68kg\r\n'),
(96, 17, 'Honor MagicBook X 16 Pro', 859.00, 5, 'https://agroup.by/upload/Sh/imageCache/985/976/9768814264405209.webp', 'Processor - AMD Ryzen 7 7840HS\r\n                                                                                                \r\nRAM - 16GB\r\n                                                                                                \r\nMemory type - LPDDR5\r\n                                                                                                \r\nMemory frequency - 6400MHz\r\n                                                                                                \r\nScreen resolution - 1920x1080\r\n                                                                                                \r\nScreen refresh rate - 60Hz\r\n                                                                                                \r\nVideo card - AMD Radeon 780M\r\n                                                                                                \r\nSSD - 512GB\r\n                                                                                                \r\nWeight - 1.7kg\r\n'),
(97, 16, 'Huawei MateBook D15', 693.00, 5, 'https://m.media-amazon.com/images/I/517XwjGlggL._AC_UF1000,1000_QL80_.jpg', 'Processor - AMD Ryzen 7 5700U\r\n                                                                                                \r\nRAM - 8GB\r\n                                                                                                \r\nMemory type - DDR4\r\n                                                                                                \r\nMemory frequency - 3200MHz\r\n                                                                                                \r\nScreen resolution - 1920x1080\r\n                                                                                                \r\nScreen refresh rate - 60Hz\r\n                                                                                                \r\nVideo card - AMD Radeon Graphics\r\n                                                                                                \r\nSSD - 512GB\r\n                                                                                                \r\nWeight - 1.53kg\r\n'),
(99, 14, 'ASUS TUF Gaming F15', 1150.00, 10, 'https://delkom.pl/pic3/A4BE/374383/tuf-gaming-f15-fx507vv-mecha-gray-png-720x.png', 'Processor: Intel Core i7-12700H\r\n\r\nRAM: 16GB\r\n\r\nMemory Type: DDR5\r\n\r\nMemory Frequency: 4800MHz\r\n\r\nScreen Resolution: 1920x1080\r\n\r\nScreen Refresh Rate: 144Hz\r\n\r\nVideo Card: NVIDIA GeForce RTX 3060\r\n\r\nSSD: 1TB\r\n\r\nWeight: 2.30kg\r\n'),
(100, 18, 'HYPERPC FURY', 1753.00, 10, 'https://hyperpc.ru/images/product/gaming-pc/optimal/update/fury/pc/hyperpc-fury-alt.jpg', 'Processor -  Intel Core i5-14400F\r\n                                                                                                \r\nVideo card - Palit GeForce RTX 4060 Dual  \r\n                                                                                                \r\nMotherboard -  MSI B760 GAMING PLUS (DDR5)                          \r\n                                                                      \r\nRAM -32GB TEAMGROUP T-Force Delta RGB(2x16GB)\r\n                                                                                                \r\nCooling -  DeepCool AG400 BK ARGB   \r\n                                                                                             \r\nSSD - 1TB\r\n                                                                                                \r\nHDD - 1TB ADATA LEGEND 800 (3500MB/s, Gen4)\r\n                                                                                                \r\nPower supply -  650W DeepCool PK650D (80+ Bronze)          \r\n'),
(101, 18, 'HYPERPC ONE', 1512.00, 10, 'https://hyperpc.ru/images/product/gaming-pc/optimal/update/one/pc/deepcool/upd/hyperpc-one-upd.jpg', 'Processor - Intel Core i5-12400F\r\n                                                                                                \r\nVideo card - Palit GeForce RTX 4060 Ti Dual(8GB)\r\n                                                                                                \r\nMotherboard - MSI PRO B760M-A (DDR4, Wi-Fi)   \r\n                                                                                          \r\nRAM - 16GB Kingston FURY Beast RGB(DDR4,2x8GB)\r\n                                                                                                \r\nCooling -  DeepCool AG400 BK ARGB   \r\n                                                                                           \r\nSSD - 500GB ADATA LEGEND 800(3500MB/s)\r\n                                                                                                \r\nHDD - 2TB Seagate BarraCuda (190MB/s, 7200RPM)\r\n                                                                                                \r\nPower supply - 650W DeepCool PK650D (80+ Bronze)                                                                                                \r\n'),
(102, 18, 'HYPERPC LEADER', 3124.00, 10, 'https://hyperpc.ru/images/product/gaming-pc/optimal/update/leader/pc/upd/hyperpc-leader-black-alt.jpg', 'Processor - Intel Core i7-14700F\r\n                                                                                                \r\nVideo card -  MSI GeForce RTX4070 GAMING (12GB)\r\n                                                                                                \r\nMotherboard - MSI MAG B760 TOMAHAWK (Wi-Fi)\r\n                                                                                                \r\nRAM - 32GB TEAMGROUP T-Force Delta (DDR5)\r\n                                                                                                \r\nCooling - DeepCool LS720\r\n                                                                                                \r\nSSD - 1TB ADATA LEGEND 800(3500MB/s)\r\n                                                                                                              \r\nHDD - 2TB Seagate BarraCuda (190MB/s, 7200RPM)\r\n                                                                                                \r\nPower supply -  650W DeepCool PN650M (80+ Gold)                                                                                                \r\n'),
(103, 18, 'HYPERPC CYBER', 5376.00, 20, 'https://hyperpc.ru/images/product/cyber/teaser/green-table/black/hyperpc-cyber-standard-black-green-alt-1.jpg', 'Processor - Intel Core i9-14900KF\r\n                                                                                                \r\nVideo card -   MSI GeForce RTX4070 Ti SUPER (16GB)\r\n                                                                                                \r\nMotherboard -  ASUS ROG STRIX Z790-F GAMING II\r\n                                                                                                \r\nRAM - 32GB G.SKILL TRIDENT Z5 (6400MHz,2x16GB)\r\n                                                                                                \r\nCooling - MSI MEG CORELIQUID S360\r\n                                                                                                \r\nSSD - 2TB Samsung 990 PRO (7450MB/s, Gen4)\r\n                                                                                                \r\nPower supply - 750W MSI MPG A750G [80+ Gold]                                                                                              \r\n'),
(104, 18, 'HYPERPC DYNAMIC', 4969.00, 20, 'https://hyperpc.ru/images/product/dynamic/evo-rgb/hyperpc-dynamic-evo-rgb-black.jpg', 'Processor - Intel Core i9-14900KF\r\n                                                                                                \r\nVideo card - MSI GeForce RTX 4070 Ti SUPER (16GB)\r\n                                                                                                \r\nMotherboard - MSI MPG Z790 CARBON II (Wi-Fi)\r\n                                                                                                \r\nRAM - 32GB TEAMGROUP T-Force Delta (2x16GB)\r\n                                                                                                \r\nCooling - Lian Li Galahad II Trinity 360 Black\r\n                                                                                                \r\nSSD - 2TB Samsung 990 PRO (7450MB/s, Gen4)\r\n                                                                                                \r\nHDD - 2TB Seagate BarraCuda (190MB/s, 7200RPM)\r\n                                                                                                \r\nPower supply - 750W MSI MPG A750G (80+ Gold)                                                                                           \r\n'),
(105, 6, 'ARTLINE Gaming X49', 1200.00, NULL, 'https://content1.rozetka.com.ua/goods/images/big/376781422.jpg', 'Processor: AMD Ryzen 5 5500\r\n\r\nGraphics Card: NVIDIA GeForce RTX 4060 Ti (8GB)\r\n\r\nMotherboard: AMD B450\r\n\r\nRAM: 32GB DDR4 (2x16GB)\r\n\r\nCPU Cooling: Tower\r\n\r\nSSD: 1TB NVMe SSD (3500 MB/s)\r\n\r\nHDD: 2TB HDD\r\n\r\nPower Supply: 600W  '),
(106, 6, 'ARTLINE Gaming X48', 1000.00, NULL, 'https://content1.rozetka.com.ua/goods/images/big/240543243.jpg', 'Processor: AMD Ryzen 5 3600\r\n\r\nGraphics Card: AMD Radeon RX 6600 8GB\r\n\r\nMotherboard: AMD B450 (PRIME B450M-K)\r\n\r\nRAM: 16GB DDR4\r\n\r\nCPU Cooling: Performa 5X\r\n\r\nSSD: 480GB SSD\r\n\r\nHDD: 1TB HDD\r\n\r\nPower Supply: 600W  \r\n\r\n'),
(107, 6, 'ARTLINE Gaming Powered by MSI DRGN', 1300.00, NULL, 'https://content.rozetka.com.ua/goods/images/big/407292174.jpg', 'Processor: AMD Ryzen 7 5800X\r\n\r\nGraphics Card: GeForce RTX 4060\r\n\r\nMotherboard: AMD B550\r\n\r\nRAM: 32GB DDR4 (2x16GB)\r\n\r\nCPU Cooling: QB-OL2000GT\r\n\r\nSSD: 1TB NVMe SSD (3500 MB/s)\r\n\r\nHDD: 2TB HDD\r\n\r\nPower Supply: 650W  '),
(108, 6, 'ARTLINE Overlord X69 ', 1250.00, 5, 'https://content2.rozetka.com.ua/goods/images/big/376790100.jpg', 'Processor: AMD Ryzen 7 5800X\r\n\r\nGraphics Card: NVIDIA GeForce RTX 4060\r\n\r\nMotherboard: AMD B550\r\n\r\nRAM: 32GB DDR4 (2x16GB)\r\n\r\nCPU Cooling: QB-OL2000GT\r\n\r\nSSD: 1TB NVMe SSD (3500 MB/s)\r\n\r\nHDD: 2TB HDD\r\n\r\nPower Supply: 650W  ');

-- --------------------------------------------------------

--
-- Структура таблиці `subcategories`
--

CREATE TABLE `subcategories` (
  `id` int(11) NOT NULL,
  `category_id` int(11) DEFAULT NULL,
  `name` varchar(255) NOT NULL
) ENGINE=InnoDB DEFAULT CHARSET=utf8mb4 COLLATE=utf8mb4_general_ci;

--
-- Дамп даних таблиці `subcategories`
--

INSERT INTO `subcategories` (`id`, `category_id`, `name`) VALUES
(1, 1, 'iPhones'),
(2, 1, 'Samsungs'),
(3, 1, 'Xiaomi'),
(4, 2, 'Dell'),
(5, 2, 'HP'),
(6, 3, 'ARTLINE'),
(7, 4, 'iPad'),
(8, 4, 'Samsung Galaxy Tab'),
(9, 5, 'Samsung TV'),
(10, 5, 'LG'),
(11, 6, 'JBL'),
(12, 6, 'Sony'),
(13, 2, 'MSI'),
(14, 2, 'Asus'),
(15, 2, 'Xiaomi'),
(16, 2, 'HUAWEI'),
(17, 2, 'HONOR'),
(18, 3, 'HYPERPC');

-- --------------------------------------------------------

--
-- Структура таблиці `tickers`
--

CREATE TABLE `tickers` (
  `id` int(11) UNSIGNED NOT NULL,
  `image_url` varchar(255) CHARACTER SET armscii8 COLLATE armscii8_general_ci DEFAULT NULL
) ENGINE=InnoDB DEFAULT CHARSET=utf8mb4 COLLATE=utf8mb4_general_ci;

--
-- Дамп даних таблиці `tickers`
--

INSERT INTO `tickers` (`id`, `image_url`) VALUES
(1, 'https://content.rozetka.com.ua/banner_main/image/original/415988798.jpg'),
(2, 'https://content2.rozetka.com.ua/banner_main/image/original/434360029.jpg'),
(3, 'https://content1.rozetka.com.ua/banner_main/image/original/438079786.jpg');

--
-- Індекси збережених таблиць
--

--
-- Індекси таблиці `categories`
--
ALTER TABLE `categories`
  ADD PRIMARY KEY (`id`);

--
-- Індекси таблиці `products`
--
ALTER TABLE `products`
  ADD PRIMARY KEY (`id`),
  ADD KEY `subcategory_id` (`subcategory_id`);

--
-- Індекси таблиці `subcategories`
--
ALTER TABLE `subcategories`
  ADD PRIMARY KEY (`id`),
  ADD KEY `category_id` (`category_id`);

--
-- Індекси таблиці `tickers`
--
ALTER TABLE `tickers`
  ADD PRIMARY KEY (`id`);

--
-- AUTO_INCREMENT для збережених таблиць
--

--
-- AUTO_INCREMENT для таблиці `categories`
--
ALTER TABLE `categories`
  MODIFY `id` int(11) NOT NULL AUTO_INCREMENT, AUTO_INCREMENT=13;

--
-- AUTO_INCREMENT для таблиці `products`
--
ALTER TABLE `products`
  MODIFY `id` int(11) NOT NULL AUTO_INCREMENT, AUTO_INCREMENT=109;

--
-- AUTO_INCREMENT для таблиці `subcategories`
--
ALTER TABLE `subcategories`
  MODIFY `id` int(11) NOT NULL AUTO_INCREMENT, AUTO_INCREMENT=33;

--
-- AUTO_INCREMENT для таблиці `tickers`
--
ALTER TABLE `tickers`
  MODIFY `id` int(11) UNSIGNED NOT NULL AUTO_INCREMENT, AUTO_INCREMENT=4;

--
-- Обмеження зовнішнього ключа збережених таблиць
--

--
-- Обмеження зовнішнього ключа таблиці `products`
--
ALTER TABLE `products`
  ADD CONSTRAINT `products_ibfk_1` FOREIGN KEY (`subcategory_id`) REFERENCES `subcategories` (`id`);

--
-- Обмеження зовнішнього ключа таблиці `subcategories`
--
ALTER TABLE `subcategories`
  ADD CONSTRAINT `subcategories_ibfk_1` FOREIGN KEY (`category_id`) REFERENCES `categories` (`id`);
COMMIT;

/*!40101 SET CHARACTER_SET_CLIENT=@OLD_CHARACTER_SET_CLIENT */;
/*!40101 SET CHARACTER_SET_RESULTS=@OLD_CHARACTER_SET_RESULTS */;
/*!40101 SET COLLATION_CONNECTION=@OLD_COLLATION_CONNECTION */;
